제목,기사URL,작성일
12일 대선 공식 선거운동 시작…현수막 · 명함 활용 가능,https://n.news.naver.com/mnews/article/055/0001256436?sid=154,"Fri, 09 May 2025 12:20:00 +0900"
12일 대선 공식 선거운동 시작…현수막·명함 활용 가능,https://n.news.naver.com/mnews/article/001/0015377985?sid=100,"Fri, 09 May 2025 12:12:00 +0900"
사법부 겁박·위인설법 폭주·단일화 소송전…‘퇴행 대선’,https://n.news.naver.com/mnews/article/021/0002708413?sid=154,"Fri, 09 May 2025 12:04:00 +0900"
파국 치닫는 국힘 단일화…대선 앞두고 초유의 자중지란,https://n.news.naver.com/mnews/article/277/0005589917?sid=100,"Fri, 09 May 2025 12:00:00 +0900"
"초등 교장들, 대선 후보들에 &quot;안전사고 교사 책임↓…교권 존중&quot;",https://n.news.naver.com/mnews/article/003/0013231232?sid=102,"Fri, 09 May 2025 12:00:00 +0900"
‘탄핵 플리’가 ‘유세 플리’로?···이재명 대선 로고송에 ‘아파트...,https://n.news.naver.com/mnews/article/032/0003368446?sid=100,"Fri, 09 May 2025 11:51:00 +0900"
"민주당, '지금은 이재명'",https://n.news.naver.com/mnews/article/421/0008239969?sid=154,"Fri, 09 May 2025 11:46:00 +0900"
"민주당, '민생파탄 정권 교체'",https://n.news.naver.com/mnews/article/421/0008239959?sid=154,"Fri, 09 May 2025 11:44:00 +0900"
"민주당, '내란의 완전 종식'",https://n.news.naver.com/mnews/article/421/0008239960?sid=154,"Fri, 09 May 2025 11:44:00 +0900"
대선 홍보캠페인 기조 브리핑하는 민주당,https://n.news.naver.com/mnews/article/421/0008239961?sid=154,"Fri, 09 May 2025 11:44:00 +0900"
"민주당, 이재명 후보 대선 홍보물에 ‘태극 문양’ 상징…국민통합 의미",https://n.news.naver.com/mnews/article/056/0011947993?sid=154,"Fri, 09 May 2025 11:43:00 +0900"
민주당 대선 홍보캠페인 기조 발표,https://n.news.naver.com/mnews/article/421/0008239941?sid=154,"Fri, 09 May 2025 11:41:00 +0900"
"민주당, '이제부터 진짜 대한민국'",https://n.news.naver.com/mnews/article/421/0008239936?sid=154,"Fri, 09 May 2025 11:40:00 +0900"
'이것이 이재명 공보물',https://n.news.naver.com/mnews/article/421/0008239930?sid=154,"Fri, 09 May 2025 11:39:00 +0900"
'태극문양에서 모티브',https://n.news.naver.com/mnews/article/421/0008239932?sid=154,"Fri, 09 May 2025 11:39:00 +0900"
민주 ‘이재명 골목투어’ 이어간다…골목골목 선대위 출범,https://n.news.naver.com/mnews/article/018/0006008902?sid=154,"Fri, 09 May 2025 11:38:00 +0900"
민주당 홍보캠페인 '지금은 이재명',https://n.news.naver.com/mnews/article/421/0008239926?sid=154,"Fri, 09 May 2025 11:37:00 +0900"
공개된 이재명 공보물,https://n.news.naver.com/mnews/article/421/0008239927?sid=154,"Fri, 09 May 2025 11:37:00 +0900"
민주당 대선 선거운동복 공개,https://n.news.naver.com/mnews/article/421/0008239918?sid=154,"Fri, 09 May 2025 11:33:00 +0900"
민주당 대선 로고송 공개,https://n.news.naver.com/mnews/article/421/0008239919?sid=154,"Fri, 09 May 2025 11:33:00 +0900"
"'선거 맞춤, 델리민주'",https://n.news.naver.com/mnews/article/421/0008239911?sid=154,"Fri, 09 May 2025 11:29:00 +0900"
법원이 좌우하는 21대 대선…단일화부터 후보 생사여탈까지,https://n.news.naver.com/mnews/article/009/0005489535?sid=154,"Fri, 09 May 2025 11:28:00 +0900"
"광주선관위, 제21대 대선 5월12일부터 선거운동 시작",https://n.news.naver.com/mnews/article/002/0002387495?sid=102,"Fri, 09 May 2025 11:25:00 +0900"
대선 선거운동 12일 시작…선거인명부는 11~13일 열람,https://n.news.naver.com/mnews/article/005/0001775077?sid=100,"Fri, 09 May 2025 11:24:00 +0900"
박강산 서울시의원 “청년을 이미지로 소비한 김문수 후보는 당장 사과...,https://n.news.naver.com/mnews/article/081/0003539990?sid=102,"Fri, 09 May 2025 11:10:00 +0900"
"&quot;국힘 대통령 다 우리가 만들어&quot; 전광훈, 대선 불출마",https://n.news.naver.com/mnews/article/586/0000102954?sid=102,"Fri, 09 May 2025 11:08:00 +0900"
“강제 단일화? 결정 못 내렸다…모든 가능성 열려 있다”,https://n.news.naver.com/mnews/article/005/0001775072?sid=100,"Fri, 09 May 2025 10:59:00 +0900"
"'4자 구도'도 43%, '3자 구도'도 43%...이재명 지지율 왜?",https://n.news.naver.com/mnews/article/277/0005589861?sid=154,"Fri, 09 May 2025 10:55:00 +0900"
응원봉은 꺼지지 않는다,https://n.news.naver.com/mnews/article/036/0000051608?sid=103,"Fri, 09 May 2025 10:54:00 +0900"
이재명 펀드 다시 열린다…&quot;350억 규모로 20~21일 개시 예정&quot;,https://n.news.naver.com/mnews/article/014/0005347184?sid=154,"Fri, 09 May 2025 10:54:00 +0900"
[대선따라잡기] 오늘 막판 단일화 협상?…'옥새 파동'까지 거론,https://n.news.naver.com/mnews/article/422/0000738800?sid=100,"Fri, 09 May 2025 10:49:00 +0900"
"부산선관위, 11~13일 6·3대선 선거인명부 열람·이의신청",https://n.news.naver.com/mnews/article/003/0013231015?sid=102,"Fri, 09 May 2025 10:46:00 +0900"
"&quot;여야 정치 희망없다&quot;던 전광훈, 대선 불출마 선언… 왜?",https://n.news.naver.com/mnews/article/417/0001075830?sid=154,"Fri, 09 May 2025 10:39:00 +0900"
대선 D-25,https://n.news.naver.com/mnews/article/421/0008239732?sid=154,"Fri, 09 May 2025 10:33:00 +0900"
대선 예비후보자 표시되는 중앙선관위 상황실 전광판,https://n.news.naver.com/mnews/article/421/0008239731?sid=154,"Fri, 09 May 2025 10:33:00 +0900"
21대 대선 D-25일,https://n.news.naver.com/mnews/article/421/0008239728?sid=154,"Fri, 09 May 2025 10:33:00 +0900"
"경찰, 6·3 대선 당일 최고수준 '갑호비상' 발령…&quot;16만 8000명 투입&quot;",https://n.news.naver.com/mnews/article/011/0004483280?sid=102,"Fri, 09 May 2025 10:33:00 +0900"
다가오는 대선,https://n.news.naver.com/mnews/article/421/0008239699?sid=154,"Fri, 09 May 2025 10:28:00 +0900"
21대 대선 D-25,https://n.news.naver.com/mnews/article/421/0008239696?sid=154,"Fri, 09 May 2025 10:28:00 +0900"
25일 남은 대선,https://n.news.naver.com/mnews/article/421/0008239697?sid=154,"Fri, 09 May 2025 10:28:00 +0900"
대선까지 D-25일,https://n.news.naver.com/mnews/article/421/0008239700?sid=154,"Fri, 09 May 2025 10:28:00 +0900"
권성동 &quot;오늘 합의해야 '기호 2번'…다음주 단일화땐 무소속 10번될 수도...,https://n.news.naver.com/mnews/article/008/0005191594?sid=154,"Fri, 09 May 2025 10:24:00 +0900"
"이낙연 &quot;김문수와 통화, 국힘 주도 연대 가담할 생각 없다&quot;",https://n.news.naver.com/mnews/article/079/0004022018?sid=154,"Fri, 09 May 2025 10:17:00 +0900"
"서울시, 대선 앞두고 투·개표소 2천711곳 화재 안전 점검",https://n.news.naver.com/mnews/article/214/0001423143?sid=102,"Fri, 09 May 2025 10:01:00 +0900"
"대구시, 대선 투표관리 만전…안중곤 국장 &quot;공명 선거 치르도록 최선&quot;",https://n.news.naver.com/mnews/article/088/0000946723?sid=102,"Fri, 09 May 2025 09:58:00 +0900"
"김기현 &quot;김문수, 단일화 믿은 당원에 사과해야&quot;…&quot;의원 20명 창당? 100% 반...",https://n.news.naver.com/mnews/article/088/0000946722?sid=100,"Fri, 09 May 2025 09:49:00 +0900"
[현장영상+] 민주당 중앙선대위 회의 &quot;한덕수는 출마하지 말았어야 할 ...,https://n.news.naver.com/mnews/article/052/0002190721?sid=154,"Fri, 09 May 2025 09:35:00 +0900"
"김교흥 의원 &quot;주권재민은 헌법 기본원리, 국민이 맡겨준 정치권력 국민...",https://n.news.naver.com/mnews/article/047/0002472589?sid=100,"Fri, 09 May 2025 09:31:00 +0900"
'대선 꿀알바'... 하루 최대 20만원에 대도시 조기 마감,https://n.news.naver.com/mnews/article/050/0000090526?sid=101,"Fri, 09 May 2025 09:29:00 +0900"
"[5월 9일(금) 오늘, 서울시] '기록 아닌 완주 목표' 한강 3종 축제 참여...",https://n.news.naver.com/mnews/article/119/0002954089?sid=102,"Fri, 09 May 2025 09:28:00 +0900"
&quot;당대표실에 경제상황판을&quot; 30년 증권맨 출신 홍성국 최고위원 [이재명...,https://n.news.naver.com/mnews/article/015/0005129561?sid=154,"Fri, 09 May 2025 09:28:00 +0900"
&quot;투표·득표율 올리자&quot;…민주 텃밭 전북에 자신감·긴장감 '교차',https://n.news.naver.com/mnews/article/002/0002387465?sid=102,"Fri, 09 May 2025 09:27:00 +0900"
"서울시, 대선 앞두고 투·개표소 2711곳 화재 안전 점검",https://n.news.naver.com/mnews/article/018/0006008734?sid=154,"Fri, 09 May 2025 09:24:00 +0900"
"[뉴스하이킥] 선관위 &quot;6.3대선, '공정선거 참관단' 운영, 유권자가 모든...",https://n.news.naver.com/mnews/article/214/0001423126?sid=100,"Fri, 09 May 2025 09:23:00 +0900"
"[21대 대선] 국힘 지도부, 김문수에 &quot;한심&quot;…단일화 여론조사 결과 오늘...",https://n.news.naver.com/mnews/article/057/0001885366?sid=154,"Fri, 09 May 2025 08:49:00 +0900"
더불어민주당 경북선대위 8일 출범…“경북이 정권교체 중심될 것”,https://n.news.naver.com/mnews/article/016/0002468589?sid=100,"Fri, 09 May 2025 08:41:00 +0900"
"[21대 대선] 민주, 지난 대선 득표율 대비 5~10%p 높은 목표 설정",https://n.news.naver.com/mnews/article/057/0001885361?sid=154,"Fri, 09 May 2025 08:35:00 +0900"
"[21대 대선] 이재명, 경제단체장 만나 &quot;경제 살리기 중심은 기업…4.5일...",https://n.news.naver.com/mnews/article/057/0001885360?sid=154,"Fri, 09 May 2025 08:33:00 +0900"
"[21대 대선] 한덕수 목매는 지도부…민주 &quot;국힘, 당권 경쟁 중&quot;",https://n.news.naver.com/mnews/article/057/0001885359?sid=154,"Fri, 09 May 2025 08:31:00 +0900"
[21대 대선] 당헌 74조 두고 아전인수…당무우선권 vs 후보 교체권,https://n.news.naver.com/mnews/article/057/0001885358?sid=154,"Fri, 09 May 2025 08:29:00 +0900"
[21대 대선] 김문수 &quot;지도부 손 떼라&quot; 당무우선권 발동,https://n.news.naver.com/mnews/article/057/0001885357?sid=154,"Fri, 09 May 2025 08:27:00 +0900"
비상계엄 못 막은 총리가 계엄 다음 대선후보?,https://n.news.naver.com/mnews/article/308/0000036622?sid=100,"Fri, 09 May 2025 08:19:00 +0900"
대선 경선 여론조사 허위응답 유도 2명 고발,https://n.news.naver.com/mnews/article/056/0011947788?sid=102,"Fri, 09 May 2025 08:17:00 +0900"
공식 선거운동 D-3…속속 선대위 체제 전환,https://n.news.naver.com/mnews/article/056/0011947787?sid=100,"Fri, 09 May 2025 08:16:00 +0900"
민주당 “막장 치닫는 김-한 단일화…언제까지 강제 시청해야 하나”,https://n.news.naver.com/mnews/article/123/0002358623?sid=100,"Fri, 09 May 2025 08:13:00 +0900"
"“21대 대통령 선거, 우리도 투표해요”",https://n.news.naver.com/mnews/article/056/0011947775?sid=102,"Fri, 09 May 2025 08:06:00 +0900"
'일당 20만원 대선알바' 개표참관인…다 마감되고 15곳만 남았다,https://n.news.naver.com/mnews/article/031/0000930710?sid=102,"Fri, 09 May 2025 08:01:00 +0900"
"서울시, 대선 전 투·개표소 2700여곳 화재 안전점검",https://n.news.naver.com/mnews/article/277/0005589643?sid=102,"Fri, 09 May 2025 07:55:00 +0900"
"강전애 &quot;김문수, 단일화는 경선용 아닌 공약&quot; 서용주 &quot;약속 안 지켰다고...",https://n.news.naver.com/mnews/article/052/0002190767?sid=100,"Fri, 09 May 2025 07:51:00 +0900"
"[21대 대선] 민주, '재판 연기'에도 사법부 압박 계속 &quot;조희대 스스로 사...",https://n.news.naver.com/mnews/article/057/0001885343?sid=154,"Fri, 09 May 2025 07:37:00 +0900"
파국 치닫는 金·韓 단일화… 홍준표는 “윤통과 두 놈은 천벌 받을 것...,https://n.news.naver.com/mnews/article/022/0004034020?sid=100,"Fri, 09 May 2025 07:34:00 +0900"
[21대 대선] 이례적 '생중계 담판'…몸 낮춘 한덕수 vs 뿌리치는 김문수,https://n.news.naver.com/mnews/article/057/0001885338?sid=154,"Fri, 09 May 2025 07:19:00 +0900"
[21대 대선] 한덕수 &quot;하루 이틀도 기다릴 수 없어&quot;,https://n.news.naver.com/mnews/article/057/0001885337?sid=154,"Fri, 09 May 2025 07:15:00 +0900"
[오늘의 국회일정](9일·금),https://n.news.naver.com/mnews/article/001/0015377301?sid=100,"Fri, 09 May 2025 07:00:00 +0900"
'로또'만큼 어려운 전셋집 구하기… &quot;사기공포에 정치성향도 바뀌었죠&quot;,https://n.news.naver.com/mnews/article/417/0001075732?sid=154,"Fri, 09 May 2025 07:00:00 +0900"
"[대선, 산업지형 바꿀까]보릿고개 넘는 전기차에 '단비' 기대감",https://n.news.naver.com/mnews/article/648/0000035987?sid=101,"Fri, 09 May 2025 06:50:00 +0900"
홍준표 “尹·한덕수 천벌 받을 것…김문수 주장이 맞다”,https://n.news.naver.com/mnews/article/016/0002468544?sid=100,"Fri, 09 May 2025 06:39:00 +0900"
최태원 &quot;日과 경제연대&quot;제언하자 이재명 &quot;전적으로 공감한다&quot;,https://n.news.naver.com/mnews/article/011/0004483142?sid=100,"Fri, 09 May 2025 06:21:00 +0900"
"&quot;최소 300억&quot;...한덕수, 단일화 11일 넘기면 대선 내려놓는단 이유",https://n.news.naver.com/mnews/article/008/0005191453?sid=154,"Fri, 09 May 2025 06:12:00 +0900"
[5/9(금) 데일리안 출근길 뉴스] 거칠어지는 김문수…'당 지도부와 설전...,https://n.news.naver.com/mnews/article/119/0002954007?sid=100,"Fri, 09 May 2025 06:01:00 +0900"
"서울시, 대선 투·개표소 2700여 곳 화재 안전 점검",https://n.news.naver.com/mnews/article/629/0000388321?sid=102,"Fri, 09 May 2025 06:01:00 +0900"
"양승훈 교수 &quot;차기 정부, 지역에 기회줘야…메가시티 등 집중투자 필요...",https://n.news.naver.com/mnews/article/421/0008239173?sid=102,"Fri, 09 May 2025 06:00:00 +0900"
"서울시, 대선 앞두고 투·개표소 2천711곳 화재 안전 점검",https://n.news.naver.com/mnews/article/001/0015377266?sid=102,"Fri, 09 May 2025 06:00:00 +0900"
"[서울광장] 대선, 세 가지 변수가 승패 가른다",https://n.news.naver.com/mnews/article/081/0003539898?sid=110,"Fri, 09 May 2025 05:05:00 +0900"
대선 홍보물 점검하는 서울시선관위,https://n.news.naver.com/mnews/article/081/0003539835?sid=102,"Fri, 09 May 2025 05:03:00 +0900"
"[오늘의 주요일정] 정치·정부 (9일, 금)",https://n.news.naver.com/mnews/article/421/0008239148?sid=100,"Fri, 09 May 2025 05:00:00 +0900"
"[오늘의 국회일정] (9일, 금)",https://n.news.naver.com/mnews/article/421/0008239147?sid=100,"Fri, 09 May 2025 05:00:00 +0900"
[오늘의 주요일정]국회(5월9일 금요일),https://n.news.naver.com/mnews/article/003/0013230414?sid=100,"Fri, 09 May 2025 05:00:00 +0900"
"“허깨비와 단일화” “알량한 후보, 한심”… 김문수-쌍권도 거친 충돌",https://n.news.naver.com/mnews/article/020/0003633846?sid=154,"Fri, 09 May 2025 03:05:00 +0900"
&quot;6월에도 황금연휴?&quot;…6·3 대선 앞두고 직장인들 '씨익',https://n.news.naver.com/mnews/article/003/0013230381?sid=103,"Fri, 09 May 2025 01:00:00 +0900"
[朝鮮칼럼] 민주당 기대에 100% 부응 중인 국민의힘,https://n.news.naver.com/mnews/article/023/0003904028?sid=110,"Fri, 09 May 2025 00:17:00 +0900"
"도내 주요 정당, 선대위 구성 마무리 본선 레이스 시동",https://n.news.naver.com/mnews/article/654/0000120167?sid=100,"Fri, 09 May 2025 00:09:00 +0900"
대통령선거 선거인명부 열람 및 이의신청 11일부터 13일까지,https://n.news.naver.com/mnews/article/087/0001115598?sid=100,"Fri, 09 May 2025 00:03:00 +0900"
"[신호등]6.3 대선, 경제 대선이 돼야한다",https://n.news.naver.com/mnews/article/087/0001115592?sid=102,"Fri, 09 May 2025 00:03:00 +0900"
'김덕수 분열' '재판 연기'…웃음짓는 이재명 [정국 기상대],https://n.news.naver.com/mnews/article/119/0002953982?sid=154,"Fri, 09 May 2025 00:00:00 +0900"
대선 채비 나선 경찰...&quot;16만8천 명 투입 경계 강화&quot;,https://n.news.naver.com/mnews/article/052/0002190607?sid=102,"Thu, 08 May 2025 22:58:00 +0900"
"경실련, ‘부산 현안’ 18개 대선 과제 선정",https://n.news.naver.com/mnews/article/056/0011947586?sid=101,"Thu, 08 May 2025 21:58:00 +0900"
대선 경선 여론조사 허위응답 유도 2명 고발,https://n.news.naver.com/mnews/article/056/0011947596?sid=100,"Thu, 08 May 2025 21:52:00 +0900"
공식 선거운동 D-4…속속 선대위 체제 전환,https://n.news.naver.com/mnews/article/056/0011947541?sid=100,"Thu, 08 May 2025 21:49:00 +0900"
법원 노조 &quot;'대선 개입' 조희대 대법원장 사퇴해야&quot;,https://n.news.naver.com/mnews/article/629/0000388300?sid=102,"Thu, 08 May 2025 21:43:00 +0900"
"“21대 대통령 선거, 우리도 투표해요”",https://n.news.naver.com/mnews/article/056/0011947496?sid=102,"Thu, 08 May 2025 21:34:00 +0900"
&quot;90% 득표&quot; 민주당 '텃밭' 광주 집중 공략 선언,https://n.news.naver.com/mnews/article/660/0000084868?sid=100,"Thu, 08 May 2025 21:14:00 +0900"
“투표하세요” 성심당 ‘선거빵’ 나왔다,https://n.news.naver.com/mnews/article/032/0003368342?sid=102,"Thu, 08 May 2025 20:39:00 +0900"
"[자살예방, 뭐든지 해야 한다] 자살을 외면하지 않는 대통령",https://n.news.naver.com/mnews/article/057/0001885321?sid=102,"Thu, 08 May 2025 20:15:00 +0900"
공식 선거운동 D-4…속속 선대위 체제 전환,https://n.news.naver.com/mnews/article/056/0011947452?sid=154,"Thu, 08 May 2025 19:52:00 +0900"
"&quot;체육재정X스포츠 인프라 확충&quot; 체육직능단체,이재명 후보와 '민생정책...",https://n.news.naver.com/mnews/article/076/0004274554?sid=100,"Thu, 08 May 2025 19:50:00 +0900"
"[21대 대선] 민주, '재판 연기'에도 사법부 압박 계속 &quot;조희대 스스로 사...",https://n.news.naver.com/mnews/article/057/0001885304?sid=154,"Thu, 08 May 2025 19:33:00 +0900"
"[21대 대선] 민주, 지난 대선 득표율 대비 5~10%p 높은 목표 설정",https://n.news.naver.com/mnews/article/057/0001885303?sid=154,"Thu, 08 May 2025 19:31:00 +0900"
국민의힘 강원도당 법률·미디어 대응 조직 신설,https://n.news.naver.com/mnews/article/654/0000120059?sid=100,"Thu, 08 May 2025 19:29:00 +0900"
"[21대 대선] 이재명, 경제단체장 만나 &quot;경제 살리기 중심은 기업…4.5일...",https://n.news.naver.com/mnews/article/057/0001885302?sid=154,"Thu, 08 May 2025 19:29:00 +0900"
[21대 대선][뉴스추적 ②] 쌍권 초강경 대응 / 한덕수 출마 기획설 / 한...,https://n.news.naver.com/mnews/article/057/0001885301?sid=154,"Thu, 08 May 2025 19:27:00 +0900"
[기자수첩] '反이재명'만으론 부족하다,https://n.news.naver.com/mnews/article/014/0005346978?sid=110,"Thu, 08 May 2025 19:25:00 +0900"
[21대 대선] 국민의힘 중진도 '지도부 무리수' 성토 &quot;감동·시너지 없어...,https://n.news.naver.com/mnews/article/057/0001885300?sid=154,"Thu, 08 May 2025 19:25:00 +0900"
"[21대 대선] 한덕수 목매는 지도부…민주 &quot;국힘, 당권 경쟁 중&quot;",https://n.news.naver.com/mnews/article/057/0001885299?sid=154,"Thu, 08 May 2025 19:23:00 +0900"
[21대 대선] 당헌 74조 두고 아전인수…당무우선권 vs 후보 교체권,https://n.news.naver.com/mnews/article/057/0001885298?sid=154,"Thu, 08 May 2025 19:21:00 +0900"
[21대 대선] &quot;대선 후보 교체 가능&quot; 김문수 압박하는 국민의힘,https://n.news.naver.com/mnews/article/057/0001885297?sid=154,"Thu, 08 May 2025 19:19:00 +0900"
"500억 쩐의 전쟁, 기호 2번…단일화 시간은 김문수 편?",https://n.news.naver.com/mnews/article/658/0000106485?sid=100,"Thu, 08 May 2025 19:18:00 +0900"
"최보윤, 국민의힘 대선 정강정책 연설...&quot;AI인재 10만 양성&quot;",https://n.news.naver.com/mnews/article/052/0002190529?sid=100,"Thu, 08 May 2025 19:18:00 +0900"
"[21대 대선] 국힘 지도부, 김문수에 &quot;이재명식&quot; &quot;한심하다&quot; 맹비난",https://n.news.naver.com/mnews/article/057/0001885296?sid=154,"Thu, 08 May 2025 19:17:00 +0900"
&quot;후보 박탈 목적&quot; vs &quot;단일화 절차일뿐&quot; 국힘 전대 개최 중단 가처분 법...,https://n.news.naver.com/mnews/article/014/0005346965?sid=102,"Thu, 08 May 2025 19:17:00 +0900"
"[21대 대선] &quot;대통령 후보 지위 확인&quot;…김문수, 법원에 직접 가처분 신청",https://n.news.naver.com/mnews/article/057/0001885295?sid=154,"Thu, 08 May 2025 19:15:00 +0900"
[21대 대선] 김문수 &quot;지도부 손 떼라&quot; 당무우선권 발동,https://n.news.naver.com/mnews/article/057/0001885294?sid=154,"Thu, 08 May 2025 19:13:00 +0900"
[21대 대선][뉴스추적 ①] 김문수-한덕수 입장 차만 확인…TV 토론 같았...,https://n.news.naver.com/mnews/article/057/0001885293?sid=154,"Thu, 08 May 2025 19:11:00 +0900"
[21대 대선] 한덕수 &quot;하루이틀도 기다릴 수 없어&quot; 입당 두고도 신경전,https://n.news.naver.com/mnews/article/057/0001885292?sid=154,"Thu, 08 May 2025 19:07:00 +0900"
"“21대 대통령 선거, 우리도 투표해요”",https://n.news.naver.com/mnews/article/056/0011947353?sid=154,"Thu, 08 May 2025 19:06:00 +0900"
더불어민주당 경북선대위 출범 &quot;이번 대선의 승패는 경북에 달려 있다는...,https://n.news.naver.com/mnews/article/002/0002387445?sid=102,"Thu, 08 May 2025 19:04:00 +0900"
이재명 “경제 중심은 기업·실사구시 외교”… 중도 확장 속도 [6·3 대...,https://n.news.naver.com/mnews/article/022/0004033908?sid=100,"Thu, 08 May 2025 19:02:00 +0900"
"민주 광주시당, 6·3대선 '진짜 대한민국 선대위' 출범",https://n.news.naver.com/mnews/article/277/0005589549?sid=102,"Thu, 08 May 2025 19:01:00 +0900"
尹 정부 교육정책 진통 여전… 대선 공론화는 '미지근',https://n.news.naver.com/mnews/article/656/0000131401?sid=102,"Thu, 08 May 2025 18:59:00 +0900"
"충청권 메가시티 위한 광역교통망 확충 시급… 대전시, 대선공약화 목표",https://n.news.naver.com/mnews/article/656/0000131393?sid=102,"Thu, 08 May 2025 18:40:00 +0900"
해운·항만·조선 중심은 부산… 해사법원 인천 설치 어불성설 [부산 현...,https://n.news.naver.com/mnews/article/082/0001324864?sid=102,"Thu, 08 May 2025 18:31:00 +0900"
제21대 대선 선거인명부 열람·이의신청 11~13일 가능,https://n.news.naver.com/mnews/article/003/0013230163?sid=102,"Thu, 08 May 2025 18:31:00 +0900"
한덕수 &quot;11일까지 단일화 안 되면 출마 안 해&quot;…김문수 &quot;경선 참여했어...,https://n.news.naver.com/mnews/article/008/0005191361?sid=154,"Thu, 08 May 2025 18:30:00 +0900"
부산경실련 5개 분야 20개 의제…21대 대선 반영 지역 현안 제시,https://n.news.naver.com/mnews/article/082/0001324863?sid=102,"Thu, 08 May 2025 18:30:00 +0900"
민주당 대전선대위 출범…&quot;대선 승리로 국민주권·통합의 새로운 역사 ...,https://n.news.naver.com/mnews/article/656/0000131387?sid=100,"Thu, 08 May 2025 18:29:00 +0900"
"대구 달서구공무원노조, '대선근무 거부' 서명서 제출",https://n.news.naver.com/mnews/article/001/0015376967?sid=102,"Thu, 08 May 2025 18:29:00 +0900"
[이슈플러스] 김문수·한덕수 2차 회동 이후 단일화 논쟁 방향은?,https://n.news.naver.com/mnews/article/052/0002190523?sid=154,"Thu, 08 May 2025 18:24:00 +0900"
김문수-한덕수 '2차회동' 도돌이표 대화 끝에 또 '결렬'[종합],https://n.news.naver.com/mnews/article/031/0000930633?sid=100,"Thu, 08 May 2025 18:15:00 +0900"
[청라언덕-김도훈] 대통령 선거와 주 4.5일제,https://n.news.naver.com/mnews/article/088/0000946667?sid=110,"Thu, 08 May 2025 18:07:00 +0900"
"금융노조 김형선-민주 박찬대, '주 4.5일제' 등 정책 협약 [대선 2025]",https://n.news.naver.com/mnews/article/374/0000439401?sid=101,"Thu, 08 May 2025 17:58:00 +0900"
"경찰, 대선 당일 '갑호비상' 선거통합상황실 24시 운영",https://n.news.naver.com/mnews/article/009/0005489235?sid=102,"Thu, 08 May 2025 17:57:00 +0900"
민주당 경북도당 선대위 출범 &quot;경북이 정권교체 중심 될 것&quot;,https://n.news.naver.com/mnews/article/047/0002472549?sid=100,"Thu, 08 May 2025 17:50:00 +0900"
&quot;지금은 이재명&quot;…'진짜 대한민국 민주당 광주 선대위' 출범,https://n.news.naver.com/mnews/article/421/0008238819?sid=154,"Thu, 08 May 2025 17:49:00 +0900"
"前변협회장 9명 &quot;민주당 대법원장 탄핵·특검은 사법부 억압, 삼권분립...",https://n.news.naver.com/mnews/article/029/0002953338?sid=100,"Thu, 08 May 2025 17:46:00 +0900"
"TK 보수 인사들, 대거 민주당 합류",https://n.news.naver.com/mnews/article/629/0000388274?sid=102,"Thu, 08 May 2025 17:46:00 +0900"
&quot;계엄하듯 일방시행 안해&quot; 재계 &quot;정년연장·주 4.5일제 우려&quot;에 이재명 ...,https://n.news.naver.com/mnews/article/011/0004482988?sid=100,"Thu, 08 May 2025 17:43:00 +0900"
이재명 만난 경제계 &quot;제도 지원 절실&quot;…李 &quot;정부 뒷받침해야&quot;(종합),https://n.news.naver.com/mnews/article/421/0008238795?sid=154,"Thu, 08 May 2025 17:40:00 +0900"
"종교인들, 21대 대선 '자살예방 공약 자료집' 전달",https://n.news.naver.com/mnews/article/079/0004021871?sid=103,"Thu, 08 May 2025 17:40:00 +0900"
"더불어민주당 경북도당, 대통령 선거 선거대책위원회 출범",https://n.news.naver.com/mnews/article/657/0000038158?sid=100,"Thu, 08 May 2025 17:38:00 +0900"
"민주당 순천지역위, 대선 거소·선상 투표 신고 독려",https://n.news.naver.com/mnews/article/079/0004021867?sid=154,"Thu, 08 May 2025 17:38:00 +0900"
&quot;차별금지법은 새로운 민주주의의 시작&quot;,https://n.news.naver.com/mnews/article/047/0002472545?sid=100,"Thu, 08 May 2025 17:37:00 +0900"
"`친기업` 행보 나선 李, &quot;정년연장·주4.5일 갑자기 안해&quot;",https://n.news.naver.com/mnews/article/029/0002953328?sid=154,"Thu, 08 May 2025 17:32:00 +0900"
"최보윤, 국민의힘 대선 정강정책 연설…“AI 인재 10만 명 양성”",https://n.news.naver.com/mnews/article/056/0011947312?sid=154,"Thu, 08 May 2025 17:28:00 +0900"
'지금은 이재명'...민주당 광주시당 선대위 출범,https://n.news.naver.com/mnews/article/421/0008238732?sid=102,"Thu, 08 May 2025 17:23:00 +0900"
'지금은 이재명' 손팻말 든 민주당 광주시당,https://n.news.naver.com/mnews/article/421/0008238730?sid=100,"Thu, 08 May 2025 17:22:00 +0900"
"&quot;출산·군 크레딧 확대, 연기금 창업 투자&quot;···'청년 지원' 연금개혁 ...",https://n.news.naver.com/mnews/article/629/0000388266?sid=102,"Thu, 08 May 2025 17:21:00 +0900"
"이재명, 경제5단체장 만나 &quot;정년연장·주4.5일제 준비해 단계적으로&quot;",https://n.news.naver.com/mnews/article/123/0002358580?sid=100,"Thu, 08 May 2025 17:21:00 +0900"
21대 대선 '민주당 진짜 대한민국 광주 선대위' 출범식,https://n.news.naver.com/mnews/article/421/0008238724?sid=102,"Thu, 08 May 2025 17:21:00 +0900"
"최보윤, 국민의힘 대선 정강정책 연설…&quot;AI인재 10만명 양성&quot;",https://n.news.naver.com/mnews/article/001/0015376794?sid=100,"Thu, 08 May 2025 17:20:00 +0900"
'이재명 90% 이상 압도적 지지' 민주당 광주 선대위 출범,https://n.news.naver.com/mnews/article/047/0002472541?sid=100,"Thu, 08 May 2025 17:16:00 +0900"
'이재명 90% 이상 압도적 지지' 민주당 광주 선대위 출범,https://n.news.naver.com/mnews/article/047/0002472541?sid=100,"Thu, 08 May 2025 17:16:00 +0900"
"&quot;개발비만 16억... 첫 달부터 수익 지급 보류, 갑중의 갑이었다&quot;",https://n.news.naver.com/mnews/article/047/0002472540?sid=101,"Thu, 08 May 2025 17:12:00 +0900"
김영춘·전재수 &quot;이재명으로 압도적 정권교체&quot;,https://n.news.naver.com/mnews/article/047/0002472536?sid=154,"Thu, 08 May 2025 17:06:00 +0900"
더불어민주당 광주 선대위 출범,https://n.news.naver.com/mnews/article/001/0015376750?sid=100,"Thu, 08 May 2025 17:04:00 +0900"
더불어민주당 광주 선대위 출범,https://n.news.naver.com/mnews/article/001/0015376746?sid=100,"Thu, 08 May 2025 17:03:00 +0900"
더불어민주당 광주 선대위 출범,https://n.news.naver.com/mnews/article/001/0015376747?sid=100,"Thu, 08 May 2025 17:03:00 +0900"
더불어민주당 광주 선대위 인선 발표,https://n.news.naver.com/mnews/article/001/0015376748?sid=100,"Thu, 08 May 2025 17:03:00 +0900"
'이재명 초고속 파기환송' 후폭풍…조희대 사퇴 요구 봇물,https://n.news.naver.com/mnews/article/629/0000388249?sid=102,"Thu, 08 May 2025 17:03:00 +0900"
"국민의힘 경기도당, 9일 선거대책위 발대식 개최",https://n.news.naver.com/mnews/article/666/0000072083?sid=154,"Thu, 08 May 2025 17:02:00 +0900"
'이재명 브레인' 김민석 &quot;TK 득표율 가장 크게 오를 것···국힘 단일화...,https://n.news.naver.com/mnews/article/008/0005191277?sid=100,"Thu, 08 May 2025 16:59:00 +0900"
"民 광주시당, 계파 초월 원팀 선대위 꾸려…투·득표율 90% 달성 목표",https://n.news.naver.com/mnews/article/079/0004021826?sid=102,"Thu, 08 May 2025 16:55:00 +0900"
"세종선거여론조사심의, 대선 경선 여론조사 허위응답 유도 2명 고발",https://n.news.naver.com/mnews/article/656/0000131348?sid=100,"Thu, 08 May 2025 16:55:00 +0900"
김문수 측·국힘 가처분 충돌…&quot;단일화 얘기한건 金&quot; vs &quot;당무우선권&quot;(종...,https://n.news.naver.com/mnews/article/421/0008238604?sid=102,"Thu, 08 May 2025 16:54:00 +0900"
연금행동 &quot;출산·군 크레딧 확대…생애최초 국민연금 보험료 지원해야&quot;,https://n.news.naver.com/mnews/article/003/0013229911?sid=102,"Thu, 08 May 2025 16:54:00 +0900"
"경사노위, 법정 정년연장 대신 ‘65세 계속고용 의무제’ 도입 제안…정...",https://n.news.naver.com/mnews/article/032/0003368255?sid=102,"Thu, 08 May 2025 16:47:00 +0900"
&quot;후보 박탈하려 해&quot; vs &quot;단일화 절차일 뿐&quot;…김문수·국힘 '단일화' 두고...,https://n.news.naver.com/mnews/article/014/0005346837?sid=102,"Thu, 08 May 2025 16:46:00 +0900"
"최태원 등 경제 5단체장, 이재명 초청 간담회…기업인 300명 몰려",https://n.news.naver.com/mnews/article/050/0000090509?sid=101,"Thu, 08 May 2025 16:42:00 +0900"
민주당 광주 선대위 출범…&quot;투표율 86% 이상·득표율 90% 목표&quot;,https://n.news.naver.com/mnews/article/001/0015376652?sid=100,"Thu, 08 May 2025 16:42:00 +0900"
국민의힘 '집안싸움' 속에 민주당 '부울경 승리' 다짐,https://n.news.naver.com/mnews/article/002/0002387385?sid=102,"Thu, 08 May 2025 16:41:00 +0900"
"“모든 정책·법률에 반영할 ‘기후헌법’ 제정, 어떻게 생각하세요”",https://n.news.naver.com/mnews/article/028/0002744861?sid=102,"Thu, 08 May 2025 16:38:00 +0900"
&quot;후보 박탈하려 해&quot; vs &quot;대선 승리 염원&quot;…김문수·국힘 가처분 충돌,https://n.news.naver.com/mnews/article/421/0008238531?sid=102,"Thu, 08 May 2025 16:34:00 +0900"
박찬대 &quot;나도 금융노동자 출신&quot;...민주당·금융노조 정책 협약,https://n.news.naver.com/mnews/article/014/0005346823?sid=101,"Thu, 08 May 2025 16:29:00 +0900"
'성장'만으로 위기 넘을 수 있나...대선판 사라진 '복지 비전' [소셜 코...,https://n.news.naver.com/mnews/article/047/0002472530?sid=154,"Thu, 08 May 2025 16:27:00 +0900"
&quot;취업 과도한 스펙 요구→입시 사교육비 증가…'학력차별 금지법' 만들...,https://n.news.naver.com/mnews/article/003/0013229804?sid=102,"Thu, 08 May 2025 16:16:00 +0900"
충남환경운동연합 &quot;석탄화력 조기폐쇄 대선공약 반영해야&quot;,https://n.news.naver.com/mnews/article/656/0000131336?sid=102,"Thu, 08 May 2025 16:13:00 +0900"
"세종선관위, 대선 경선 여론조사 허위응답 유도 2명 고발",https://n.news.naver.com/mnews/article/001/0015376580?sid=100,"Thu, 08 May 2025 16:12:00 +0900"
"&quot;민주주의·민생 회복은 시대의 명령, 반드시 대선 승리&quot;",https://n.news.naver.com/mnews/article/047/0002472525?sid=154,"Thu, 08 May 2025 16:09:00 +0900"
민주당 대전시당 대선 선대위 출범…&quot;실무형 경청 선대위&quot;,https://n.news.naver.com/mnews/article/629/0000388203?sid=102,"Thu, 08 May 2025 16:06:00 +0900"
"&quot;고용위기지역 지정&quot; 여수시의회, 각 정당에 대선공약 반영 건의",https://n.news.naver.com/mnews/article/003/0013229779?sid=102,"Thu, 08 May 2025 16:06:00 +0900"
"민주당 부산시당, 대선 선거대책위원회 출범…선거전 돌입",https://n.news.naver.com/mnews/article/031/0000930544?sid=102,"Thu, 08 May 2025 16:01:00 +0900"
"&quot;최소 300억원 든다&quot;...한덕수, 단일화 11일 넘기면 대선 포기한단 이유",https://n.news.naver.com/mnews/article/008/0005191211?sid=154,"Thu, 08 May 2025 15:59:00 +0900"
민주당 대전시당 대선 선대위 출범...&quot;6월 3일 반드시 승리&quot;,https://n.news.naver.com/mnews/article/277/0005589426?sid=100,"Thu, 08 May 2025 15:54:00 +0900"
이재명 첫 유세는 ‘광화문 광장’에서···“빛의 혁명 완성”,https://n.news.naver.com/mnews/article/032/0003368239?sid=100,"Thu, 08 May 2025 15:52:00 +0900"
이재명 첫 유세는 ‘광화문 광장’에서···“빛의 혁명 완성”,https://n.news.naver.com/mnews/article/032/0003368239?sid=100,"Thu, 08 May 2025 15:52:00 +0900"
전북선관위 &quot;11~13일 대선 선거인명부 열람·이의신청&quot;,https://n.news.naver.com/mnews/article/003/0013229721?sid=102,"Thu, 08 May 2025 15:51:00 +0900"
&quot;엔진 꺼졌다&quot; 외친 재계…이재명 후보에 작정하고 한 말은?,https://n.news.naver.com/mnews/article/648/0000035967?sid=101,"Thu, 08 May 2025 15:49:00 +0900"
"'민주 부산선거대책위' 출범…&quot;대선, 유능한 해결사 뽑자&quot;",https://n.news.naver.com/mnews/article/003/0013229698?sid=102,"Thu, 08 May 2025 15:49:00 +0900"
"&quot;반드시 50% 이상 득표하자&quot;…민주당 부산시당, 대선 선대위 출범",https://n.news.naver.com/mnews/article/629/0000388190?sid=102,"Thu, 08 May 2025 15:47:00 +0900"
국민의힘 후보 단일화 충돌...대선 판세 영향은?,https://n.news.naver.com/mnews/article/052/0002190431?sid=154,"Thu, 08 May 2025 15:41:00 +0900"
"경찰, 선거 기간 16만8000명 투입…대선일은 갑호비상",https://n.news.naver.com/mnews/article/022/0004033831?sid=102,"Thu, 08 May 2025 15:40:00 +0900"
[포토] 21대 대선 홍보 인쇄물 점검,https://n.news.naver.com/mnews/article/022/0004033832?sid=100,"Thu, 08 May 2025 15:40:00 +0900"
"“금강도 바닷길 열어야” 박정현 충남 부여군수 , 차기정부 국정과제 ...",https://n.news.naver.com/mnews/article/021/0002708191?sid=102,"Thu, 08 May 2025 15:37:00 +0900"
"부산 동구, 대선 공약 과제 발굴… 해양거점도시 도약 추진",https://n.news.naver.com/mnews/article/082/0001324793?sid=102,"Thu, 08 May 2025 15:37:00 +0900"
"시민사회단체, &quot;차별금지법 제정은 민주주의의 새 출발&quot;",https://n.news.naver.com/mnews/article/659/0000032974?sid=102,"Thu, 08 May 2025 15:36:00 +0900"
민주 대전시당 &quot;목표 득표율 55% 이상&quot;…대선 선대위 출범,https://n.news.naver.com/mnews/article/003/0013229633?sid=102,"Thu, 08 May 2025 15:34:00 +0900"
"이재명, 광화문에서 ‘광장의 유세’ 시작…“빛의 혁명 완성”",https://n.news.naver.com/mnews/article/056/0011947243?sid=100,"Thu, 08 May 2025 15:30:00 +0900"
"상속세에서 韓日경제협력체까지…경제5단체, 이재명에 정책 제안",https://n.news.naver.com/mnews/article/031/0000930517?sid=101,"Thu, 08 May 2025 15:27:00 +0900"
"공적연금강화국민행동, 21대 대선 정책요구안 발표",https://n.news.naver.com/mnews/article/003/0013229604?sid=102,"Thu, 08 May 2025 15:24:00 +0900"
연금행동이 제안하는 정책요구안은?,https://n.news.naver.com/mnews/article/003/0013229600?sid=102,"Thu, 08 May 2025 15:24:00 +0900"
&quot;공적연금강화국민행동 대선 정책요구안 전달합니다&quot;,https://n.news.naver.com/mnews/article/003/0013229598?sid=102,"Thu, 08 May 2025 15:24:00 +0900"
&quot;공적연금강화를 위해 대선 정책요구안 전달합니다&quot;,https://n.news.naver.com/mnews/article/003/0013229597?sid=102,"Thu, 08 May 2025 15:24:00 +0900"
&quot;연금행동 대선 정책요구안 전달합니다&quot;,https://n.news.naver.com/mnews/article/003/0013229599?sid=102,"Thu, 08 May 2025 15:24:00 +0900"
"'청년을 위한 연금, 모두를 위한 연금'",https://n.news.naver.com/mnews/article/003/0013229603?sid=102,"Thu, 08 May 2025 15:24:00 +0900"
&quot;내일 신청 마감이라고?&quot;…일당 20만원 '대선 꿀알바' 관심↑,https://n.news.naver.com/mnews/article/243/0000077584?sid=101,"Thu, 08 May 2025 15:24:00 +0900"
"연금행동, 21대 대선 정책요구안 발표",https://n.news.naver.com/mnews/article/003/0013229601?sid=102,"Thu, 08 May 2025 15:24:00 +0900"
"&quot;연금, 청년과 모두를 위해&quot;",https://n.news.naver.com/mnews/article/003/0013229602?sid=102,"Thu, 08 May 2025 15:24:00 +0900"
"이재명, 선거운동 콘셉트는 '광장'…12일 '빛의 혁명' 광화문 광장서 시...",https://n.news.naver.com/mnews/article/008/0005191178?sid=154,"Thu, 08 May 2025 15:24:00 +0900"
이재명 첫 공식 유세는 광화문에서‥&quot;'광장의 유세'로 빛의 혁명 완성&quot;,https://n.news.naver.com/mnews/article/214/0001422957?sid=100,"Thu, 08 May 2025 15:22:00 +0900"
"안중곤 대구시 행정국장, 제21대 대선 투표관리 교육 참석… “완벽한 ...",https://n.news.naver.com/mnews/article/031/0000930506?sid=102,"Thu, 08 May 2025 15:22:00 +0900"
민주당 경북도당 ‘진짜 대한민국 경북선대위’ 출범…“경북서 정권교...,https://n.news.naver.com/mnews/article/031/0000930508?sid=102,"Thu, 08 May 2025 15:22:00 +0900"
‘친기업’ 행보 나선 이재명 “경제 성장 중심은 기업”,https://n.news.naver.com/mnews/article/032/0003368229?sid=101,"Thu, 08 May 2025 15:22:00 +0900"
경제계 만난 이재명 &quot;주4.5일제 갑자기 시행 안 한다&quot;,https://n.news.naver.com/mnews/article/092/0002373514?sid=105,"Thu, 08 May 2025 15:21:00 +0900"
한 달 앞 대선에 '지방분권·해양' 등 공약 제안 쏟아져,https://n.news.naver.com/mnews/article/047/0002472512?sid=154,"Thu, 08 May 2025 15:17:00 +0900"
민주·국힘·개혁 뭉쳤다...정치신인 키우는 '헌정아카데미' 개강,https://n.news.naver.com/mnews/article/018/0006008095?sid=100,"Thu, 08 May 2025 15:15:00 +0900"
민주당 &quot;대선 유세 광화문광장서 시작…빛의 혁명 완성&quot;,https://n.news.naver.com/mnews/article/079/0004021706?sid=154,"Thu, 08 May 2025 15:02:00 +0900"
"보건의료노조, 공공의료 강화 10대 요구안 발표",https://n.news.naver.com/mnews/article/659/0000032971?sid=102,"Thu, 08 May 2025 15:00:00 +0900"
[맞수다] 김문수-지도부 대충돌‥단일화 효과도 날아갔다?,https://n.news.naver.com/mnews/article/214/0001422949?sid=154,"Thu, 08 May 2025 14:58:00 +0900"
대통령 적합도 이재명 43% 1위… 한덕수 23%·김문수 12%,https://n.news.naver.com/mnews/article/417/0001075614?sid=154,"Thu, 08 May 2025 14:50:00 +0900"
"민주당 부산시당, 대선 선거대책위원회 출범",https://n.news.naver.com/mnews/article/001/0015376238?sid=100,"Thu, 08 May 2025 14:50:00 +0900"
"경찰, 대선 당일 갑호비상 발령…“폭력행위 구속 원칙”(종합)",https://n.news.naver.com/mnews/article/018/0006008060?sid=102,"Thu, 08 May 2025 14:48:00 +0900"
“선거빵 만들고 빵차 투어”···성심당 만나면 홍보 효과 ‘톡톡’,https://n.news.naver.com/mnews/article/032/0003368210?sid=102,"Thu, 08 May 2025 14:45:00 +0900"
"李, 첫 유세 일정 ‘광화문’…“‘빛의혁명’ 완성”",https://n.news.naver.com/mnews/article/018/0006008056?sid=154,"Thu, 08 May 2025 14:44:00 +0900"
"금융노조, 대선 승리 위한 민주당 지지선언",https://n.news.naver.com/mnews/article/001/0015376173?sid=101,"Thu, 08 May 2025 14:41:00 +0900"
"금융노조, 대선 승리 위한 민주당 지지선언",https://n.news.naver.com/mnews/article/001/0015376174?sid=101,"Thu, 08 May 2025 14:41:00 +0900"
"최태원, 한일 경제공동체 제안…이재명 &quot;일본과 공동 대응에 공감&quot;",https://n.news.naver.com/mnews/article/008/0005191119?sid=101,"Thu, 08 May 2025 14:39:00 +0900"
"금융노조, 대선 승리 위한 민주당 지지선언",https://n.news.naver.com/mnews/article/001/0015376164?sid=101,"Thu, 08 May 2025 14:39:00 +0900"
"금융노조, 대선 승리 위한 민주당 지지선언",https://n.news.naver.com/mnews/article/001/0015376163?sid=101,"Thu, 08 May 2025 14:39:00 +0900"
[그래픽] 제21대 대선 주요 일정,https://n.news.naver.com/mnews/article/001/0015376161?sid=100,"Thu, 08 May 2025 14:39:00 +0900"
李 선거운동 콘셉트는 '광장의 유세'…12일 광화문서 시작,https://n.news.naver.com/mnews/article/629/0000388120?sid=154,"Thu, 08 May 2025 14:37:00 +0900"
"최태원 등 경제5단체장, 이재명 후보에 AI 육성 및 규제 혁신 한 목소리",https://n.news.naver.com/mnews/article/241/0003435371?sid=101,"Thu, 08 May 2025 14:30:00 +0900"
김경수 &quot;대법원조차 국민 이길 수 없어&quot;…울산 선대위 첫 회의 참석,https://n.news.naver.com/mnews/article/421/0008238070?sid=154,"Thu, 08 May 2025 14:28:00 +0900"
"&quot;선거 때면 노점상 '먹방' 찍는 정치인들, 생계 보호엔 무관심&quot;",https://n.news.naver.com/mnews/article/047/0002472502?sid=102,"Thu, 08 May 2025 14:26:00 +0900"
이재명 만난 경제5단체 &quot;기존 성장공식 한계…새로운 동력 필요&quot;,https://n.news.naver.com/mnews/article/079/0004021658?sid=101,"Thu, 08 May 2025 14:20:00 +0900"
민주노총 부산본부 &quot;내란 청산하고 사회공공성 강화하자&quot;,https://n.news.naver.com/mnews/article/047/0002472498?sid=102,"Thu, 08 May 2025 14:15:00 +0900"
"경찰, 대선 대비 강화 나선다…하루 평균 7000명씩 투입",https://n.news.naver.com/mnews/article/015/0005129055?sid=100,"Thu, 08 May 2025 14:11:00 +0900"
&quot;연차 잘 쓰면 6월도 황금연휴&quot;…대선 앞둔 직장인들 '묘한 미소',https://n.news.naver.com/mnews/article/277/0005589325?sid=102,"Thu, 08 May 2025 14:09:00 +0900"
"부산경실련, 지방분권 개헌·공공기관 2차 이전 등 대선 과제 제안",https://n.news.naver.com/mnews/article/629/0000388103?sid=102,"Thu, 08 May 2025 14:07:00 +0900"
"전북 보건의료노조 &quot;의료개혁, 대선공약에 담아야&quot;",https://n.news.naver.com/mnews/article/421/0008237983?sid=102,"Thu, 08 May 2025 14:04:00 +0900"
경제 5단체장 만난 이재명 &quot;경제를 살리는 일의 중심은 기업&quot; [뉴시스Pi...,https://n.news.naver.com/mnews/article/003/0013229267?sid=100,"Thu, 08 May 2025 14:04:00 +0900"
이재명 만난 경제5단체 &quot;한국경제 매우 어려워…제도 지원 절실&quot;,https://n.news.naver.com/mnews/article/055/0001256112?sid=101,"Thu, 08 May 2025 14:01:00 +0900"
"국민 절반, 차기 대통령 최우선 과제로 '경제 회복' 꼽았다[대선 여론조...",https://n.news.naver.com/mnews/article/011/0004482832?sid=100,"Thu, 08 May 2025 14:01:00 +0900"
&quot;이재명 90% 압도적 지지&quot; 민주당 광주시당 선대위 출범,https://n.news.naver.com/mnews/article/003/0013229262?sid=102,"Thu, 08 May 2025 14:01:00 +0900"
"경제5단체장, 이재명 만나 “경제 도약 위해…제도 지원 절실”",https://n.news.naver.com/mnews/article/243/0000077576?sid=101,"Thu, 08 May 2025 14:00:00 +0900"
"이재명, '정년연장·주4.5일제' 우려에 &quot;갑자기 시행 안해…충분히 대화...",https://n.news.naver.com/mnews/article/003/0013229242?sid=100,"Thu, 08 May 2025 13:56:00 +0900"
"강원소방, 대선 대비 화재안전대책 총력",https://n.news.naver.com/mnews/article/421/0008237948?sid=154,"Thu, 08 May 2025 13:56:00 +0900"
[포토] 시멘트 환경문제 해결 촉구 캠페인,https://n.news.naver.com/mnews/article/018/0006008003?sid=102,"Thu, 08 May 2025 13:53:00 +0900"
"[포토] 시멘트공장, 안전대책 세워라~",https://n.news.naver.com/mnews/article/018/0006007995?sid=102,"Thu, 08 May 2025 13:52:00 +0900"
[포토] 시멘트 환경문제 해결 촉구,https://n.news.naver.com/mnews/article/018/0006007996?sid=102,"Thu, 08 May 2025 13:52:00 +0900"
[포토] 주민 시민단체 등 환경문제 해결 촉구,https://n.news.naver.com/mnews/article/018/0006007994?sid=102,"Thu, 08 May 2025 13:51:00 +0900"
[포토] 시멘트 환경문제 해결 요구,https://n.news.naver.com/mnews/article/018/0006007992?sid=102,"Thu, 08 May 2025 13:50:00 +0900"
[포토] 폐기물 사용 시멘트 안전한가?,https://n.news.naver.com/mnews/article/018/0006007987?sid=102,"Thu, 08 May 2025 13:48:00 +0900"
"[포토] 환경단체 및 주민, 주택법 즉각 통과시켜라~",https://n.news.naver.com/mnews/article/018/0006007986?sid=102,"Thu, 08 May 2025 13:47:00 +0900"
서울시선관위 직원 대선 홍보물 점검,https://n.news.naver.com/mnews/article/003/0013229198?sid=100,"Thu, 08 May 2025 13:46:00 +0900"
[포토] 주택법 즉각 통과시켜라~,https://n.news.naver.com/mnews/article/018/0006007984?sid=102,"Thu, 08 May 2025 13:46:00 +0900"
서울시선관위 대선 홍보물 점검,https://n.news.naver.com/mnews/article/003/0013229199?sid=100,"Thu, 08 May 2025 13:46:00 +0900"
[포토] 쓰레기 시멘트 안전한가?,https://n.news.naver.com/mnews/article/018/0006007983?sid=102,"Thu, 08 May 2025 13:46:00 +0900"
[포토] 시멘트 환경문제 해결 범대위 기자회견,https://n.news.naver.com/mnews/article/018/0006007982?sid=102,"Thu, 08 May 2025 13:45:00 +0900"
7대 종단·시민사회단체 국회에 ‘자살예방 대선공약’ 전달,https://n.news.naver.com/mnews/article/005/0001774804?sid=103,"Thu, 08 May 2025 13:42:00 +0900"
&quot;ESG가 뭐죠?&quot; '이재명·김문수'는 어떻게 대답할까,https://n.news.naver.com/mnews/article/648/0000035956?sid=101,"Thu, 08 May 2025 13:40:00 +0900"
이재명 만난 경제5단체장 &quot;韓 성장 정체…제도 지원·신산업 육성 절실...,https://n.news.naver.com/mnews/article/029/0002953201?sid=101,"Thu, 08 May 2025 13:29:00 +0900"
6월3일은 대통령 선거일,https://n.news.naver.com/mnews/article/003/0013229109?sid=102,"Thu, 08 May 2025 13:28:00 +0900"
'대통령 선거는 6월 3일',https://n.news.naver.com/mnews/article/003/0013229116?sid=102,"Thu, 08 May 2025 13:28:00 +0900"
'이재명 경제 간담회' 기업인 총출동…&quot;기존 방법으론 성장 못 해&quot; 한목...,https://n.news.naver.com/mnews/article/629/0000388087?sid=101,"Thu, 08 May 2025 13:19:00 +0900"
"부산경실련, 대선 과제 20개 제안…&quot;지방 주도 발전 기반 마련해야&quot;",https://n.news.naver.com/mnews/article/421/0008237836?sid=154,"Thu, 08 May 2025 13:17:00 +0900"
&quot;임플란드 건강보험 적용 개수·대상 환자 확대 법률 개정 고려할 것&quot;,https://n.news.naver.com/mnews/article/002/0002387319?sid=102,"Thu, 08 May 2025 13:11:00 +0900"
"민주노총, 공공재생에너지 확대·발전 노동자 총고용 보장 촉구",https://n.news.naver.com/mnews/article/003/0013229046?sid=102,"Thu, 08 May 2025 13:09:00 +0900"
"'경제 행보 박차'…이재명, 최태원 등 경제단체장 만나",https://n.news.naver.com/mnews/article/648/0000035954?sid=101,"Thu, 08 May 2025 13:06:00 +0900"
대선 채비 나선 경찰...&quot;16만8천 명 투입 경계 강화&quot;,https://n.news.naver.com/mnews/article/052/0002190327?sid=102,"Thu, 08 May 2025 13:00:00 +0900"
"&quot;지방분권 개헌·공공기관 이전&quot;…부산경실련, 대선에 20대 과제 제안",https://n.news.naver.com/mnews/article/079/0004021629?sid=102,"Thu, 08 May 2025 12:57:00 +0900"
'후보 교체 숨은 기획자' 언급한 김문수 &quot;옳지 않은 것에 굴복 안해&quot;,https://n.news.naver.com/mnews/article/047/0002472479?sid=154,"Thu, 08 May 2025 12:56:00 +0900"
"“여보, 다음달 3일에 집에 못 들어가”…경찰, 대선날 ‘갑호비상’ 발...",https://n.news.naver.com/mnews/article/009/0005488855?sid=102,"Thu, 08 May 2025 12:50:00 +0900"
"이준석 “홍준표, 윤 대통령 개입 구체적 정황 알더라”",https://n.news.naver.com/mnews/article/018/0006007928?sid=100,"Thu, 08 May 2025 12:39:00 +0900"
"민주당 부산시당, 대선 선대위 출범…&quot;여론 청취, 골목 유세 집중&quot;",https://n.news.naver.com/mnews/article/421/0008237716?sid=154,"Thu, 08 May 2025 12:39:00 +0900"
"차기 대통령 적합도, 이재명 43%·한덕수 23·김문수 12% [NBS]",https://n.news.naver.com/mnews/article/123/0002358538?sid=100,"Thu, 08 May 2025 12:35:00 +0900"
이재명 만난 경제5단체 &quot;한국경제 매우 어려워…제도 지원 절실&quot;,https://n.news.naver.com/mnews/article/001/0015375747?sid=101,"Thu, 08 May 2025 12:21:00 +0900"
"경찰, 6·3 대선 당일 '갑호비상' 발령",https://n.news.naver.com/mnews/article/214/0001422926?sid=102,"Thu, 08 May 2025 12:19:00 +0900"
"[영상] 박정희 생가서 날 세운 한덕수 &quot;김문수, 예의 지키라&quot;",https://n.news.naver.com/mnews/article/047/0002472472?sid=154,"Thu, 08 May 2025 12:16:00 +0900"
李 독주에… 목표 득표율 5~10%P 높게 잡는 민주,https://n.news.naver.com/mnews/article/021/0002708155?sid=154,"Thu, 08 May 2025 12:12:00 +0900"
"[속보]‘범여권 단일화 필요’ 49%…이재명 43%, 한덕수 23%, 김문수 12%-...",https://n.news.naver.com/mnews/article/021/0002708141?sid=100,"Thu, 08 May 2025 12:03:00 +0900"
이재명 &quot;경제 살리기 중심은 기업&quot;…최태원 &quot;새로운 성장모델 필요&quot;,https://n.news.naver.com/mnews/article/117/0003940829?sid=103,"Thu, 08 May 2025 11:59:00 +0900"
"경제5단체장, 이재명에 “새 성장모델 창출 시급”",https://n.news.naver.com/mnews/article/021/0002708111?sid=101,"Thu, 08 May 2025 11:56:00 +0900"
"재계, 이재명에 정년 연장·주4.5일제 우려 전달…&quot;노사 선택 존중&quot;",https://n.news.naver.com/mnews/article/421/0008237598?sid=154,"Thu, 08 May 2025 11:55:00 +0900"
이재명 &quot;경제 중심은 기업… 정부가 산업 이끄는 시대 지나&quot;,https://n.news.naver.com/mnews/article/417/0001075547?sid=154,"Thu, 08 May 2025 11:52:00 +0900"
"여수시의회, '섬박람회 지원' 등 핵심현안 대선 공약 반영 건의",https://n.news.naver.com/mnews/article/002/0002387297?sid=102,"Thu, 08 May 2025 11:48:00 +0900"
대선 홍보물 점검하는 서울시 선관위 [포토],https://n.news.naver.com/mnews/article/629/0000388072?sid=102,"Thu, 08 May 2025 11:47:00 +0900"
20여일 앞으로 다가온 제21대 대선 [포토],https://n.news.naver.com/mnews/article/629/0000388071?sid=102,"Thu, 08 May 2025 11:46:00 +0900"
"&quot;자살예방 대선공약 촉구&quot;…시민사회단체, 10대과제 전달",https://n.news.naver.com/mnews/article/003/0013228771?sid=102,"Thu, 08 May 2025 11:46:00 +0900"
"김문수 &quot;손 떼라&quot;에 관련주 불기둥…한덕수, 이재명 테마주도 출렁",https://n.news.naver.com/mnews/article/008/0005191007?sid=101,"Thu, 08 May 2025 11:46:00 +0900"
21대 대선 홍보물 점검하는 서울시 선관위 [포토],https://n.news.naver.com/mnews/article/629/0000388068?sid=102,"Thu, 08 May 2025 11:44:00 +0900"
"부산경실련, 대선공약 채택촉구…공공기관 이전 등 20개",https://n.news.naver.com/mnews/article/003/0013228770?sid=102,"Thu, 08 May 2025 11:44:00 +0900"
"서울시 선관위, 대선 26일 앞두고 홍보인쇄물 점검",https://n.news.naver.com/mnews/article/421/0008237508?sid=102,"Thu, 08 May 2025 11:40:00 +0900"
"서울시 선관위, 21대 대선 홍보인쇄물 점검",https://n.news.naver.com/mnews/article/421/0008237506?sid=102,"Thu, 08 May 2025 11:40:00 +0900"
"서울시 선관위, 21대 대선 홍보인쇄물 점검",https://n.news.naver.com/mnews/article/421/0008237500?sid=102,"Thu, 08 May 2025 11:40:00 +0900"
"서울시 선관위, 대선 26일 앞두고 홍보인쇄물 점검",https://n.news.naver.com/mnews/article/421/0008237516?sid=102,"Thu, 08 May 2025 11:40:00 +0900"
'대선 D-26' 홍보인쇄물 점검하는 서울시 선관위,https://n.news.naver.com/mnews/article/421/0008237504?sid=102,"Thu, 08 May 2025 11:40:00 +0900"
"서울시 선관위, 대선 26일 앞두고 홍보인쇄물 점검",https://n.news.naver.com/mnews/article/421/0008237517?sid=102,"Thu, 08 May 2025 11:40:00 +0900"
'대선 D-26' 홍보인쇄물 점검하는 서울시 선관위,https://n.news.naver.com/mnews/article/421/0008237507?sid=102,"Thu, 08 May 2025 11:40:00 +0900"
"서울시 선관위, 대선 26일 앞두고 홍보인쇄물 점검",https://n.news.naver.com/mnews/article/421/0008237496?sid=102,"Thu, 08 May 2025 11:40:00 +0900"
"서울시 선관위, 21대 대선 홍보인쇄물 점검",https://n.news.naver.com/mnews/article/421/0008237495?sid=102,"Thu, 08 May 2025 11:39:00 +0900"
"서울시 선관위, 21대 대선 홍보인쇄물 점검",https://n.news.naver.com/mnews/article/421/0008237488?sid=102,"Thu, 08 May 2025 11:39:00 +0900"
'대선 D-26' 홍보인쇄물 점검하는 서울시 선관위,https://n.news.naver.com/mnews/article/421/0008237485?sid=102,"Thu, 08 May 2025 11:39:00 +0900"
'대선 D-26' 홍보인쇄물 점검하는 서울시 선관위,https://n.news.naver.com/mnews/article/421/0008237487?sid=102,"Thu, 08 May 2025 11:39:00 +0900"
'대선 D-26' 홍보인쇄물 점검하는 서울시 선관위,https://n.news.naver.com/mnews/article/421/0008237483?sid=102,"Thu, 08 May 2025 11:39:00 +0900"
'대선 D-26' 홍보인쇄물 점검하는 서울시 선관위,https://n.news.naver.com/mnews/article/421/0008237482?sid=102,"Thu, 08 May 2025 11:39:00 +0900"
"[특징주]웹케시, 이재명 후보 AI 육성·지역화폐 기대로 연일 강세",https://n.news.naver.com/mnews/article/277/0005589220?sid=101,"Thu, 08 May 2025 11:37:00 +0900"
[시사삼국지] 김상욱과 나헌 '배신과 책임감',https://n.news.naver.com/mnews/article/088/0000946498?sid=110,"Thu, 08 May 2025 11:36:00 +0900"
대선 D-26,https://n.news.naver.com/mnews/article/001/0015375539?sid=100,"Thu, 08 May 2025 11:35:00 +0900"
대선 홍보 인쇄물 점검중인 선관위,https://n.news.naver.com/mnews/article/003/0013228733?sid=100,"Thu, 08 May 2025 11:35:00 +0900"
대선 홍보 인쇄물 점검중,https://n.news.naver.com/mnews/article/003/0013228731?sid=100,"Thu, 08 May 2025 11:35:00 +0900"
대선 앞두고 홍보 인쇄물 점검중,https://n.news.naver.com/mnews/article/003/0013228738?sid=100,"Thu, 08 May 2025 11:35:00 +0900"
"서울시선관위, 대선 홍보 인쇄물 점검",https://n.news.naver.com/mnews/article/003/0013228735?sid=100,"Thu, 08 May 2025 11:35:00 +0900"
대선 홍보 인쇄물 점검중,https://n.news.naver.com/mnews/article/003/0013228741?sid=100,"Thu, 08 May 2025 11:35:00 +0900"
이재명 &quot;경제 살리기 중심은 기업…정부가 끌고가는 시대는 지나&quot;,https://n.news.naver.com/mnews/article/029/0002953172?sid=154,"Thu, 08 May 2025 11:35:00 +0900"
대선 홍보 인쇄물 점검중,https://n.news.naver.com/mnews/article/003/0013228739?sid=100,"Thu, 08 May 2025 11:35:00 +0900"
한달도 남지 않은 대선,https://n.news.naver.com/mnews/article/003/0013228730?sid=100,"Thu, 08 May 2025 11:35:00 +0900"
"서울시 선관위, 대선 앞두고 홍보 인쇄물 점검",https://n.news.naver.com/mnews/article/003/0013228732?sid=100,"Thu, 08 May 2025 11:35:00 +0900"
"서울시선관위, 대선 홍보인쇄물 점검",https://n.news.naver.com/mnews/article/001/0015375536?sid=100,"Thu, 08 May 2025 11:35:00 +0900"
대선 D-26,https://n.news.naver.com/mnews/article/001/0015375535?sid=100,"Thu, 08 May 2025 11:35:00 +0900"
대선 홍보 인쇄물 점검중,https://n.news.naver.com/mnews/article/003/0013228740?sid=100,"Thu, 08 May 2025 11:35:00 +0900"
대선 홍보 인쇄물 점검중,https://n.news.naver.com/mnews/article/003/0013228734?sid=100,"Thu, 08 May 2025 11:35:00 +0900"
"서울시 선관위, 대선 홍보 인쇄물 점검",https://n.news.naver.com/mnews/article/003/0013228736?sid=100,"Thu, 08 May 2025 11:35:00 +0900"
대선 D-26,https://n.news.naver.com/mnews/article/001/0015375537?sid=100,"Thu, 08 May 2025 11:35:00 +0900"
대선 D-26,https://n.news.naver.com/mnews/article/001/0015375534?sid=100,"Thu, 08 May 2025 11:35:00 +0900"
"경찰, 6·3 대선 당일 '갑호비상' 발령…16만8000명 투입",https://n.news.naver.com/mnews/article/119/0002953687?sid=102,"Thu, 08 May 2025 11:34:00 +0900"
방송토론 규제에 민주 &quot;대법원에 선관위도 불안…내란진압 대선인데&quot;,https://n.news.naver.com/mnews/article/029/0002953170?sid=154,"Thu, 08 May 2025 11:33:00 +0900"
제21대 대선 대비 전국 경찰지휘부 화상회의,https://n.news.naver.com/mnews/article/421/0008237410?sid=102,"Thu, 08 May 2025 11:31:00 +0900"
제21대 대선 대비 전국 경찰지휘부 화상회의,https://n.news.naver.com/mnews/article/421/0008237409?sid=102,"Thu, 08 May 2025 11:31:00 +0900"
"경찰, 6·3 대선 전국에 '갑호비상' 발령… 16만8000명 동원",https://n.news.naver.com/mnews/article/469/0000863577?sid=102,"Thu, 08 May 2025 11:31:00 +0900"
제21대 대선 대비 전국 경찰지휘부 화상회의,https://n.news.naver.com/mnews/article/421/0008237407?sid=102,"Thu, 08 May 2025 11:31:00 +0900"
제21대 대선 대비 전국 경찰지휘부 화상회의,https://n.news.naver.com/mnews/article/421/0008237408?sid=102,"Thu, 08 May 2025 11:31:00 +0900"
"인천 진보진영, 대선 승리 위해 뭉쳤다…9일 원내 4당 인천시당과 연석...",https://n.news.naver.com/mnews/article/666/0000072025?sid=154,"Thu, 08 May 2025 11:30:00 +0900"
‘D-26’ 대선 홍보물 점검하는 서울선관위,https://n.news.naver.com/mnews/article/005/0001774777?sid=102,"Thu, 08 May 2025 11:29:00 +0900"
21대 대선 홍보 대형 현수막 게시,https://n.news.naver.com/mnews/article/421/0008237398?sid=102,"Thu, 08 May 2025 11:27:00 +0900"
"이재명, 경제5단체장 만나 &quot;경제 살리는 일 중심은 기업&quot;",https://n.news.naver.com/mnews/article/003/0013228665?sid=100,"Thu, 08 May 2025 11:27:00 +0900"
대선 홍보인쇄물 점검하는 서울시선관위 직원들,https://n.news.naver.com/mnews/article/001/0015375499?sid=100,"Thu, 08 May 2025 11:26:00 +0900"
"서울시선관위, 대선 홍보인쇄물 점검",https://n.news.naver.com/mnews/article/001/0015375493?sid=100,"Thu, 08 May 2025 11:26:00 +0900"
“하루 일하고 최대 20만원”…대선 ‘꿀알바’가 뭐길래?,https://n.news.naver.com/mnews/article/018/0006007853?sid=102,"Thu, 08 May 2025 11:26:00 +0900"
"대선 D-26, 홍보인쇄물 점검",https://n.news.naver.com/mnews/article/001/0015375495?sid=100,"Thu, 08 May 2025 11:26:00 +0900"
"서울시선관위, 대선 홍보인쇄물 점검",https://n.news.naver.com/mnews/article/001/0015375501?sid=100,"Thu, 08 May 2025 11:26:00 +0900"
"서울시선관위, 대선 홍보인쇄물 점검",https://n.news.naver.com/mnews/article/001/0015375492?sid=100,"Thu, 08 May 2025 11:26:00 +0900"
대선 홍보인쇄물 점검하는 서울시선관위 직원들,https://n.news.naver.com/mnews/article/001/0015375496?sid=100,"Thu, 08 May 2025 11:26:00 +0900"
대선 홍보인쇄물 점검하는 서울시선관위 직원들,https://n.news.naver.com/mnews/article/001/0015375498?sid=100,"Thu, 08 May 2025 11:26:00 +0900"
"대선 D-26, 홍보인쇄물 점검",https://n.news.naver.com/mnews/article/001/0015375500?sid=100,"Thu, 08 May 2025 11:26:00 +0900"
"21대 대선 D-26, 제주도선관위 투표 독려 현수막[뉴시스 앵글]",https://n.news.naver.com/mnews/article/003/0013228656?sid=102,"Thu, 08 May 2025 11:25:00 +0900"
21대 대선 꼭 투표하세요,https://n.news.naver.com/mnews/article/421/0008237376?sid=102,"Thu, 08 May 2025 11:22:00 +0900"
"부산경실련, 지방분권 개헌·공공기관 이전 등 대선 과제 제안",https://n.news.naver.com/mnews/article/001/0015375459?sid=102,"Thu, 08 May 2025 11:22:00 +0900"
"&quot;제21대 대선, 꼭 투표하세요&quot;",https://n.news.naver.com/mnews/article/421/0008237373?sid=102,"Thu, 08 May 2025 11:22:00 +0900"
제주선관위 21대 대선 투표 홍보 현수막 게시,https://n.news.naver.com/mnews/article/421/0008237375?sid=102,"Thu, 08 May 2025 11:22:00 +0900"
"‘사법리스크’ 턴 이재명, 경제 행보 집중…“민생 중심에 기업 있다”",https://n.news.naver.com/mnews/article/082/0001324739?sid=100,"Thu, 08 May 2025 11:16:00 +0900"
21대 대선 투표참여 현수막 게시,https://n.news.naver.com/mnews/article/421/0008237318?sid=102,"Thu, 08 May 2025 11:16:00 +0900"
"21대 대선, 투표로 화합하는 대한민국",https://n.news.naver.com/mnews/article/421/0008237317?sid=102,"Thu, 08 May 2025 11:16:00 +0900"
제21대 대선 투표 독려 대형 현수막,https://n.news.naver.com/mnews/article/003/0013228613?sid=102,"Thu, 08 May 2025 11:15:00 +0900"
제21대 대선 투표 독려 대형 현수막,https://n.news.naver.com/mnews/article/003/0013228615?sid=102,"Thu, 08 May 2025 11:15:00 +0900"
제21대 대선 투표 독려 대형 현수막,https://n.news.naver.com/mnews/article/003/0013228608?sid=102,"Thu, 08 May 2025 11:15:00 +0900"
대선 투표 독려 현수막 게시하는 제주도선관위,https://n.news.naver.com/mnews/article/003/0013228611?sid=102,"Thu, 08 May 2025 11:15:00 +0900"
"“이재명, 공식 선거운동 첫 장소는 서울 광화문 광장”",https://n.news.naver.com/mnews/article/123/0002358515?sid=100,"Thu, 08 May 2025 11:14:00 +0900"
"이재명, 경제5단체 간담회...“민생, 경제 살리기의 중심은 기업”",https://n.news.naver.com/mnews/article/023/0003903904?sid=101,"Thu, 08 May 2025 11:14:00 +0900"
[정국돋보기]한덕수 '11일 단일화' 강행…불출마 배수진 속사정,https://n.news.naver.com/mnews/article/277/0005589188?sid=100,"Thu, 08 May 2025 11:11:00 +0900"
"경찰, 대선 당일 비상근무 최고단계인 '갑호비상' 발령",https://n.news.naver.com/mnews/article/025/0003439412?sid=102,"Thu, 08 May 2025 11:09:00 +0900"
&quot;하루 일하면 최대 20만원&quot;… 대선에 이런 '꿀알바'가 있다,https://n.news.naver.com/mnews/article/417/0001075535?sid=102,"Thu, 08 May 2025 11:08:00 +0900"
"경찰, 대선 당일 '갑호비상' 발령‥경비·경호에 16만명 투입",https://n.news.naver.com/mnews/article/214/0001422895?sid=102,"Thu, 08 May 2025 11:06:00 +0900"
[대선따라잡기] 기차는 간다?…'전방압박'에 김문수 &quot;내주 단일화&quot;,https://n.news.naver.com/mnews/article/422/0000738400?sid=100,"Thu, 08 May 2025 11:06:00 +0900"
희귀질환 환자단체 “장애인정 대상과 기준의 합리적 개선해달라”,https://n.news.naver.com/mnews/article/009/0005488794?sid=102,"Thu, 08 May 2025 11:03:00 +0900"
"경제5단체, 이재명 초청 간담회 개최… 공동 제언집 전달",https://n.news.naver.com/mnews/article/417/0001075534?sid=100,"Thu, 08 May 2025 11:02:00 +0900"
"중소 게임사들 &quot;구글·애플 수수료 부담에 적자&quot;…경실련, '영업보복 금...",https://n.news.naver.com/mnews/article/003/0013228544?sid=102,"Thu, 08 May 2025 11:00:00 +0900"
"경제5단체, 8일 이재명 대선후보 초청 간담회 개최",https://n.news.naver.com/mnews/article/658/0000106419?sid=101,"Thu, 08 May 2025 10:56:00 +0900"
"경찰, 6·3 대선에 16만8000명 동원한다 “폭력행위는 구속수사”",https://n.news.naver.com/mnews/article/021/0002708036?sid=102,"Thu, 08 May 2025 10:55:00 +0900"
"경찰, 6∙3 대선 대비 전국지휘부 화상회의…경찰 16만명 투입",https://n.news.naver.com/mnews/article/586/0000102861?sid=102,"Thu, 08 May 2025 10:50:00 +0900"
"최진식 중견련 회장, 이재명 만나 &quot;중견기업인에게 승계는 가장 시급한...",https://n.news.naver.com/mnews/article/277/0005589156?sid=101,"Thu, 08 May 2025 10:49:00 +0900"
"“이정현, 김행, 손학규 오랜만” 대선판 등장한 잊혀진 이름들",https://n.news.naver.com/mnews/article/050/0000090483?sid=101,"Thu, 08 May 2025 10:48:00 +0900"
"경찰, 본격 대선준비...&quot;16만8천 명 투입 경계 강화&quot;",https://n.news.naver.com/mnews/article/052/0002190260?sid=102,"Thu, 08 May 2025 10:47:00 +0900"
"경찰, 대선 당일 전국에 '갑호비상' 발령…&quot;5대 선거범죄 철저 수사&quot;",https://n.news.naver.com/mnews/article/079/0004021523?sid=154,"Thu, 08 May 2025 10:46:00 +0900"
"전북 보건의료노조, &quot;공공의료 확충&quot; 공약화 요구",https://n.news.naver.com/mnews/article/001/0015375251?sid=102,"Thu, 08 May 2025 10:39:00 +0900"
"전북 보건의료노조, &quot;공공의료 확충&quot; 공약화 요구",https://n.news.naver.com/mnews/article/001/0015375237?sid=102,"Thu, 08 May 2025 10:39:00 +0900"
"경찰, 6·3 대선 당일 ‘갑호비상’ 발령…16만8000명 투입",https://n.news.naver.com/mnews/article/020/0003633625?sid=154,"Thu, 08 May 2025 10:34:00 +0900"
"경제5단체, 대선 앞두고 이재명과 간담회...공동 제언집 전달",https://n.news.naver.com/mnews/article/119/0002953632?sid=101,"Thu, 08 May 2025 10:30:00 +0900"
"이재명 만난 재계, 경제 활성화 위한 제언 전달",https://n.news.naver.com/mnews/article/018/0006007672?sid=101,"Thu, 08 May 2025 10:30:00 +0900"
"재계, 이재명 후보 초청 간담회…경제 제언집 전달",https://n.news.naver.com/mnews/article/003/0013228402?sid=101,"Thu, 08 May 2025 10:30:00 +0900"
"기업인 300명, 이재명 후보 만난다…14개 경제 제언 전달",https://n.news.naver.com/mnews/article/374/0000439236?sid=101,"Thu, 08 May 2025 10:30:00 +0900"
"경제5단체, 이재명 초청 간담회…경제계 목소리 직접 전달한다",https://n.news.naver.com/mnews/article/008/0005190911?sid=101,"Thu, 08 May 2025 10:30:00 +0900"
"韓 경제5단체장, 이재명 대선후보 만나서 한 말이",https://n.news.naver.com/mnews/article/014/0005346526?sid=101,"Thu, 08 May 2025 10:30:00 +0900"
"경제5단체, 이재명 후보에 경제위기 실상 직접 전달",https://n.news.naver.com/mnews/article/421/0008237084?sid=101,"Thu, 08 May 2025 10:30:00 +0900"
"광주상의, 지역 핵심 정책공약 16건 발굴",https://n.news.naver.com/mnews/article/056/0011947066?sid=100,"Thu, 08 May 2025 10:30:00 +0900"
대선 꿀알바 ‘개표참관인’ 관심↑…“하루 최대 20만원”,https://n.news.naver.com/mnews/article/016/0002468072?sid=165,"Thu, 08 May 2025 10:18:00 +0900"
"경찰, 대선 당일 '갑호비상' 발령…경찰력 100% 동원",https://n.news.naver.com/mnews/article/654/0000119979?sid=102,"Thu, 08 May 2025 10:08:00 +0900"
&quot;하루 일하면 최대 20만원&quot;…대선 '꿀알바'가 돌아왔다,https://n.news.naver.com/mnews/article/003/0013228278?sid=102,"Thu, 08 May 2025 10:03:00 +0900"
"경찰, 6·3 대선에 '최고경계령'…16만 명 투입한다",https://n.news.naver.com/mnews/article/057/0001885198?sid=154,"Thu, 08 May 2025 09:59:00 +0900"
"경찰, 6·3 대선 당일 16만명 동원…&quot;갑호비상 발령&quot;",https://n.news.naver.com/mnews/article/088/0000946468?sid=102,"Thu, 08 May 2025 09:57:00 +0900"
"[대전24시] 산림청, 복권기금사업 평가 '종합 1위' 달성...산림복지서비...",https://n.news.naver.com/mnews/article/586/0000102850?sid=102,"Thu, 08 May 2025 09:53:00 +0900"
대선 후보 현장 라이브 05.08,https://n.news.naver.com/mnews/article/025/0003439389?sid=154,"Thu, 08 May 2025 09:42:00 +0900"
"경찰, 12일부터 경계강화 근무…대선 당일 갑호비상",https://n.news.naver.com/mnews/article/448/0000526105?sid=102,"Thu, 08 May 2025 09:36:00 +0900"
"경찰청, 6·3 대선 대비 전국 지휘부회의...&quot;선거 당일 갑호비상&quot;",https://n.news.naver.com/mnews/article/014/0005346435?sid=102,"Thu, 08 May 2025 09:31:00 +0900"
둘로 쪼개진 대한민국…대선에 경찰 16만명 투입한다 [세상&amp;],https://n.news.naver.com/mnews/article/016/0002467964?sid=102,"Thu, 08 May 2025 09:31:00 +0900"
"경찰, 6·3 대선 전국 지휘부 화상회의…&quot;엄정 법 집행&quot;",https://n.news.naver.com/mnews/article/629/0000387962?sid=102,"Thu, 08 May 2025 09:31:00 +0900"
"경찰, 대선 투표일에 16만8000명 투입…&quot;우발상황 철저 대비&quot;",https://n.news.naver.com/mnews/article/008/0005190851?sid=102,"Thu, 08 May 2025 09:30:00 +0900"
‘대선 대비’ 전국 경찰 지휘부 화상회의…“우발상황 철저 대비”,https://n.news.naver.com/mnews/article/277/0005589020?sid=102,"Thu, 08 May 2025 09:30:00 +0900"
"&quot;16.8만명 현장 투입&quot;…경찰, 대선 관리 총력 대응",https://n.news.naver.com/mnews/article/018/0006007560?sid=102,"Thu, 08 May 2025 09:30:00 +0900"
"경찰, 대선 대비 전국지휘부 화상회의…&quot;투·개표소 등 연인원 16만여명...",https://n.news.naver.com/mnews/article/003/0013228121?sid=102,"Thu, 08 May 2025 09:30:00 +0900"
&quot;6·3 대통령 선거일 전국 갑호비상 발령&quot;…경찰 16만8000명 동원,https://n.news.naver.com/mnews/article/421/0008236857?sid=154,"Thu, 08 May 2025 09:30:00 +0900"
"&quot;16.8만명 현장 투입&quot;…경찰, 대선 관리 총력 대응",https://n.news.naver.com/mnews/article/018/0006007560?sid=102,"Thu, 08 May 2025 09:30:00 +0900"
"경찰, 대선 투표일에 16만8000명 투입…&quot;우발상황 철저 대비&quot;",https://n.news.naver.com/mnews/article/008/0005190851?sid=102,"Thu, 08 May 2025 09:30:00 +0900"
"&quot;재생에너지 발전량 1위 전북&quot;…전북시민단체, 각 정당에 분산에너지 정...",https://n.news.naver.com/mnews/article/002/0002387252?sid=102,"Thu, 08 May 2025 09:06:00 +0900"
[속보] 김문수 “날 끌어내리려는 단일화 중단하라…어떤 불의에도 굴복...,https://n.news.naver.com/mnews/article/022/0004033684?sid=100,"Thu, 08 May 2025 09:01:00 +0900"
대전교통공사 노사 &quot;시민 안전 위해 도시철도 무임승차 손실 국비 보전...,https://n.news.naver.com/mnews/article/031/0000930275?sid=102,"Thu, 08 May 2025 08:55:00 +0900"
&quot;휴가 내면 또 황금연휴&quot;… 대선 앞두고 미소 짓는 직장인들,https://n.news.naver.com/mnews/article/417/0001075455?sid=102,"Thu, 08 May 2025 08:49:00 +0900"
"[21대 대선]국힘, '형소법 개정안'에 &quot;범죄자 면죄부법…독재국가 눈앞...",https://n.news.naver.com/mnews/article/057/0001885169?sid=154,"Thu, 08 May 2025 08:39:00 +0900"
"[21대 대선] 민주, '이재명 사수' 형소법·공직선거법 입법 강행",https://n.news.naver.com/mnews/article/057/0001885168?sid=154,"Thu, 08 May 2025 08:37:00 +0900"
"[21대 대선] 이재명 &quot;합당한 결정…사법부, 최후의 보루 의미 생각해야...",https://n.news.naver.com/mnews/article/057/0001885167?sid=154,"Thu, 08 May 2025 08:33:00 +0900"
"김문수가 한밤에 '후보 당선 공고' 띄운 까닭은…적통은 나, 후보 등록 ...",https://n.news.naver.com/mnews/article/421/0008236585?sid=154,"Thu, 08 May 2025 08:14:00 +0900"
[김형수의 월미도에서] '우리가 남이가? 저도 호남 사람입니다',https://n.news.naver.com/mnews/article/629/0000387921?sid=110,"Thu, 08 May 2025 08:10:00 +0900"
‘이재명의 사람’에서 청년 정치 선봉으로[V메이커스],https://n.news.naver.com/mnews/article/009/0005488621?sid=100,"Thu, 08 May 2025 08:01:00 +0900"
"이재명, 충남 집중 공략…이준석은 2030 세 결집",https://n.news.naver.com/mnews/article/056/0011946913?sid=100,"Thu, 08 May 2025 08:01:00 +0900"
① 결혼 안 한 여자는 혼자 늙어 죽는다고? [플랫][에프워드],https://n.news.naver.com/mnews/article/032/0003368118?sid=102,"Thu, 08 May 2025 08:00:00 +0900"
김-한 단일화 안간힘 조배숙…1차 회담 결렬에 &quot;참담한 심정&quot;,https://n.news.naver.com/mnews/article/002/0002387243?sid=102,"Thu, 08 May 2025 08:00:00 +0900"
[21대 대선]담판 결렬에 국민의힘 '단일화 로드맵' 돌입…오늘부터 여론...,https://n.news.naver.com/mnews/article/057/0001885151?sid=154,"Thu, 08 May 2025 07:51:00 +0900"
경향신문 &quot;친윤계 단일화 농단 도 넘어...'업둥이 정치'의 한계&quot;,https://n.news.naver.com/mnews/article/006/0000129840?sid=102,"Thu, 08 May 2025 07:37:00 +0900"
[21대 대선] 한동훈 &quot;독재국가 눈앞인데 우리끼리 싸워&quot;…홍준표 &quot;윤석...,https://n.news.naver.com/mnews/article/057/0001885141?sid=154,"Thu, 08 May 2025 07:21:00 +0900"
[21대 대선]김문수-한덕수 담판 결렬…오늘 다시 만난다,https://n.news.naver.com/mnews/article/057/0001885140?sid=154,"Thu, 08 May 2025 07:11:00 +0900"
[오늘의 국회일정](8일·목),https://n.news.naver.com/mnews/article/001/0015374620?sid=100,"Thu, 08 May 2025 07:00:00 +0900"
국회 찾은 김훈 작가 &quot;어느 후보도 이 말을 안 한다&quot;,https://n.news.naver.com/mnews/article/047/0002472408?sid=154,"Thu, 08 May 2025 06:51:00 +0900"
파란 점퍼 입은 '국힘 출신' 전 강릉시장…'尹외가' 대선 표심 주목,https://n.news.naver.com/mnews/article/421/0008236499?sid=154,"Thu, 08 May 2025 06:30:00 +0900"
[여론조사] 이 49% 김 27% 이 6%…이 49% 한 30% 이 6%,https://n.news.naver.com/mnews/article/055/0001255913?sid=154,"Thu, 08 May 2025 06:28:00 +0900"
한덕수 단일화가 기본값?…'빅텐트' 증발한 국힘,https://n.news.naver.com/mnews/article/079/0004021419?sid=154,"Thu, 08 May 2025 06:01:00 +0900"
"김주진 대표 &quot;기후변화 좌우 문제 아냐…차기 정부, 석탄 발전 퇴출해야...",https://n.news.naver.com/mnews/article/421/0008236480?sid=101,"Thu, 08 May 2025 06:01:00 +0900"
6·3대선 홍보빵,https://n.news.naver.com/mnews/article/081/0003539528?sid=102,"Thu, 08 May 2025 05:04:00 +0900"
[오늘의 주요일정]국회(5월8일 목요일),https://n.news.naver.com/mnews/article/003/0013227716?sid=100,"Thu, 08 May 2025 05:00:00 +0900"
"[오늘의 국회일정] (8일, 목)",https://n.news.naver.com/mnews/article/421/0008236405?sid=100,"Thu, 08 May 2025 05:00:00 +0900"
"3년간 뭐하고... 인천시, 지난 대선 이어 '매립지 종료' 공약 반영 재요...",https://n.news.naver.com/mnews/article/469/0000863518?sid=102,"Thu, 08 May 2025 04:31:00 +0900"
'국힘 대선 후보는 나'…SNS에 사진 한 장으로 말한 김문수,https://n.news.naver.com/mnews/article/025/0003439353?sid=154,"Thu, 08 May 2025 01:16:00 +0900"
"국민의힘, TV토론·여론조사 ‘단일화 로드맵’ 추진… 金측 “법률대응...",https://n.news.naver.com/mnews/article/005/0001774679?sid=100,"Thu, 08 May 2025 00:28:00 +0900"
"[주정완 논설위원이 간다] 행정수도 세종으로 이전, 세 번째 시도는 이...",https://n.news.naver.com/mnews/article/025/0003439325?sid=110,"Thu, 08 May 2025 00:26:00 +0900"
건설업계 '숙원 정책과제' 공약 드라이브,https://n.news.naver.com/mnews/article/654/0000119957?sid=101,"Thu, 08 May 2025 00:10:00 +0900"
대선 앞 '투표 독려' 대형 현수막 등장,https://n.news.naver.com/mnews/article/654/0000119950?sid=111,"Thu, 08 May 2025 00:10:00 +0900"
[사설] 국정 청사진 없는 대선... 나라의 미래가 안 보인다,https://n.news.naver.com/mnews/article/469/0000863497?sid=110,"Thu, 08 May 2025 00:10:00 +0900"
국힘 도당 대선 회계책임자 실무회의,https://n.news.naver.com/mnews/article/654/0000119927?sid=100,"Thu, 08 May 2025 00:09:00 +0900"
"시, AI 빅데이터 첨복단지 대선공약 제안",https://n.news.naver.com/mnews/article/654/0000119891?sid=102,"Thu, 08 May 2025 00:08:00 +0900"
[대선D-26]강원 국회의원실 보좌진 지역구로 ‘총출동’,https://n.news.naver.com/mnews/article/087/0001115279?sid=100,"Thu, 08 May 2025 00:02:00 +0900"
“강원지역 건설업 경기 회복 대책 대선 공약 반영돼야”,https://n.news.naver.com/mnews/article/087/0001115275?sid=101,"Thu, 08 May 2025 00:01:00 +0900"
"웃으며 만난 김문수·한덕수, 냉랭한 퇴장 …75분 단일화 회동 '빈손' 원...",https://n.news.naver.com/mnews/article/011/0004482528?sid=100,"Wed, 07 May 2025 23:40:00 +0900"
차기 대통령은 ‘기술·환경 대통령’이어야 한다[내 생각은/최성용],https://n.news.naver.com/mnews/article/020/0003633471?sid=110,"Wed, 07 May 2025 23:10:00 +0900"
"&quot;30년 역사 원주 의료기기산업, 국가 주도 성장 모멘텀 갖춰야&quot;",https://n.news.naver.com/mnews/article/087/0001115256?sid=102,"Wed, 07 May 2025 23:08:00 +0900"
"'단일화 합의 불발' 김문수-한덕수, 내일 오후 4시 추가 회동 [종합]",https://n.news.naver.com/mnews/article/015/0005128740?sid=154,"Wed, 07 May 2025 22:57:00 +0900"
"국힘 당원 긴급 여론조사...단일화 필요 82.82%, 후보 등록 전 단일화 86...",https://n.news.naver.com/mnews/article/666/0000071995?sid=154,"Wed, 07 May 2025 22:34:00 +0900"
"국힘 &quot;당원 여론조사, '김문수-한덕수 후보등록 전 단일화' 87%&quot;",https://n.news.naver.com/mnews/article/082/0001324685?sid=100,"Wed, 07 May 2025 22:33:00 +0900"
국민의힘 당원 여론조사…“단일화 필요하다” 83%,https://n.news.naver.com/mnews/article/437/0000439957?sid=154,"Wed, 07 May 2025 22:29:00 +0900"
